Workbook

Sheet GIUGNO
A1: CALCOLO TIR - Acquisto 1 Giugno 2025
B4: Prezzo di acquisto | C4: 100.32
B5: Cedola semestrale | C5: 0.014
B6: Valore nominale | C6: 100
B9: Date | C9: t | D9: Flussi | E9: Flussi attualizzati
B10: 45809 | C10: 0 | D10: -100.32 | E10: =D10/(1+$C$20)^C10 -> -100.32
B11: 45992 | C11: 0.5 | D11: 1.4 | E11: =D11/(1+$C$20)^C11 -> 1.3813488
B12: 46174 | C12: 1 | D12: 1.4 | E12: =D12/(1+$C$20)^C12 -> 1.3629462
B13: 46357 | C13: 1.5 | D13: 1.4 | E13: =D13/(1+$C$20)^C13 -> 1.3447886
B14: 46539 | C14: 2 | D14: 1.4 | E14: =D14/(1+$C$20)^C14 -> 1.326873
B15: 46722 | C15: 2.5 | D15: 1.4 | E15: =D15/(1+$C$20)^C15 -> 1.3091961
B16: 46905 | C16: 3 | D16: 1.4 | E16: =D16/(1+$C$20)^C16 -> 1.2917546
B17: 47088 | C17: 3.5 | D17: 101.4 | E17: =D17/(1+$C$20)^C17 -> 92.313512
B20: Calcolo TIR -> | C20: =XIRR(D10:D17,B10:B17) -> 0.027186581 | D20: =C20 -> 0.027186581
B22: Check TIR -> | C22: =SUM(E10:E17) -> 0.010419397

Sheet MAGGIO
A1: CALCOLO TIR - Acquisto 1 Maggio 2025
B4: Prezzo di acquisto | C4: =100.32 -> 100.32
B5: Rateo -> | C5: =1.4*5/6 -> 1.1666667
B6: Prezzo di acquisto + Rateo | C6: =C4+C5 -> 101.48667
B7: Cedola semestrale | C7: 0.014
B8: Valore nominale | C8: 100
B11: Date | C11: t | D11: Flussi | E11: Flussi attualizzati
B12: 45778 | C12: 0 | D12: =-C6 -> -101.48667 | E12: =D12/(1+$C$23)^C12 -> -101.48667
B13: 45809 | C13: =1/12 -> 0.083333333 | D13: =1.4 -> 1.4 | E13: =D13/(1+$C$23)^C13 -> 1.3968734
B14: 45992 | C14: =7/12 -> 0.58333333 | D14: =1.4 -> 1.4 | E14: =D14/(1+$C$23)^C14 -> 1.3782602
B15: 46174 | C15: =13/12 -> 1.0833333 | D15: =1.4 -> 1.4 | E15: =D15/(1+$C$23)^C15 -> 1.359895
B16: 46357 | C16: =19/12 -> 1.5833333 | D16: =1.4 -> 1.4 | E16: =D16/(1+$C$23)^C16 -> 1.3417745
B17: 46539 | C17: =25/12 -> 2.0833333 | D17: =1.4 -> 1.4 | E17: =D17/(1+$C$23)^C17 -> 1.3238955
B18: 46722 | C18: =31/12 -> 2.5833333 | D18: =1.4 -> 1.4 | E18: =D18/(1+$C$23)^C18 -> 1.3062547
B19: 46905 | C19: =37/12 -> 3.0833333 | D19: =1.4 -> 1.4 | E19: =D19/(1+$C$23)^C19 -> 1.2888489
B20: 47088 | C20: =43/12 -> 3.5833333 | D20: =100+1.4 -> 101.4 | E20: =D20/(1+$C$23)^C20 -> 92.105613
B23: Calcolo TIR -> | C23: =XIRR(D12:D20,B12:B20) -> 0.027192125 | D23: =C23 -> 0.027192125
B25: Check TIR -> | C25: =SUM(E12:E20) -> 0.014748735

Sheet GIUGNO tax
A1: CALCOLO TIR - Acquisto 1 Giugno 2025
A3: Flussi al netto di tassazione
B7: Prezzo di acquisto | C7: 100.32
B8: Prezzo di rimborso | C8: 100
B9: Prezzo di emissione | C9: 99.54
B10: Plusvalenza | C10: =MAX(0,(C8-C7)) -> 0
B11: Disaggio di emissione | C11: =MAX(0,(C8-C9)) -> 0.46
B12: Cedola semestrale | C12: =0.875*1.4% -> 0.01225
B15: Date | C15: t | D15: Flussi | E15: Flussi attualizzati
B16: 45809 | C16: 0 | D16: =-C7 -> -100.32 | E16: =D16/(1+$C$26)^C16 -> -100.32
B17: 45992 | C17: 0.5 | D17: =1.4-(1.4*0.125) -> 1.225 | E17: =D17/(1+$C$26)^C17 -> 1.2108592
B18: 46174 | C18: 1 | D18: =1.4-(1.4*0.125) -> 1.225 | E18: =D18/(1+$C$26)^C18 -> 1.1968816
B19: 46357 | C19: 1.5 | D19: =1.4-(1.4*0.125) -> 1.225 | E19: =D19/(1+$C$26)^C19 -> 1.1830653
B20: 46539 | C20: 2 | D20: =1.4-(1.4*0.125) -> 1.225 | E20: =D20/(1+$C$26)^C20 -> 1.1694085
B21: 46722 | C21: 2.5 | D21: =1.4-(1.4*0.125) -> 1.225 | E21: =D21/(1+$C$26)^C21 -> 1.1559094
B22: 46905 | C22: 3 | D22: =1.4-(1.4*0.125) -> 1.225 | E22: =D22/(1+$C$26)^C22 -> 1.1425661
B23: 47088 | C23: 3.5 | D23: =100+1.4-((1.4+C11+C10)*0.125) -> 101.1675 | E23: =D23/(1+$C$26)^C23 -> 93.270397
B26: Calcolo TIR -> | C26: =XIRR(D16:D23,B16:B23) -> 0.023493084 | D26: =C26 -> 0.023493084
B28: Check TIR -> | C28: =SUM(E16:E23) -> 0.0090869374

Sheet MAGGIO tax
A1: CALCOLO TIR - Acquisto 1 Maggio 2025
A3: Flussi al netto di tassazione
B6: Prezzo di acquisto | C6: =100.32 -> 100.32
B7: Rateo | C7: =(1.4*(1-0.125))*5/6 -> 1.0208333
B8: Prezzo di acquisto + Rateo | C8: =C6+C7 -> 101.34083
B9: Prezzo di rimborso | C9: 100
B10: Prezzo di emissione | C10: 99.54
B11: Plusvalenza | C11: =MAX(0,(C9-C6)) -> 0
B12: Disaggio di emissione | C12: =MAX(0,(C9-C10)) -> 0.46
B13: Cedola semestrale | C13: =0.875*1.4% -> 0.01225
B16: Date | C16: t | D16: Flussi | E16: Flussi attualizzati
B17: 45778 | C17: =0 -> 0 | D17: =-C8 -> -101.34083 | E17: =D17/(1+$C$28)^C17 -> -101.34083
B18: 45809 | C18: =1/12 -> 0.083333333 | D18: =1.4-(1.4*0.125) -> 1.225 | E18: =D18/(1+$C$28)^C18 -> 1.2226306
B19: 45992 | C19: =7/12 -> 0.58333333 | D19: =1.4-(1.4*0.125) -> 1.225 | E19: =D19/(1+$C$28)^C19 -> 1.20851
B20: 46174 | C20: =13/12 -> 1.0833333 | D20: =1.4-(1.4*0.125) -> 1.225 | E20: =D20/(1+$C$28)^C20 -> 1.1945524
B21: 46357 | C21: =19/12 -> 1.5833333 | D21: =1.4-(1.4*0.125) -> 1.225 | E21: =D21/(1+$C$28)^C21 -> 1.1807561
B22: 46539 | C22: =25/12 -> 2.0833333 | D22: =1.4-(1.4*0.125) -> 1.225 | E22: =D22/(1+$C$28)^C22 -> 1.1671191
B23: 46722 | C23: =31/12 -> 2.5833333 | D23: =1.4-(1.4*0.125) -> 1.225 | E23: =D23/(1+$C$28)^C23 -> 1.1536396
B24: 46905 | C24: =37/12 -> 3.0833333 | D24: =1.4-(1.4*0.125) -> 1.225 | E24: =D24/(1+$C$28)^C24 -> 1.1403158
B25: 47088 | C25: =43/12 -> 3.5833333 | D25: =100+1.4-((1.4+C12+C11)*0.125) -> 101.1675 | E25: =D25/(1+$C$28)^C25 -> 93.086145
B28: Calcolo TIR -> | C28: =XIRR(D17:D25,B17:B25) -> 0.023505166 | D28: =C28 -> 0.023505166
B30: Check TIR -> | C30: =SUM(E17:E25) -> 0.012835055

Sheet TIR A, TIR B, TIR C
A1: CALCOLO TIR - Acquisto 1 Maggio 2025
A3: No Tax
B7: TITOLO A | H7: TITOLO B | N7: TITOLO C
B9: Unità | C9: 1 | H9: Unità | I9: 1 | N9: Unità | O9: 1
B10: Cedola semestrale | C10: 0.01 | H10: Cedola semestrale | I10: 0.0325 | N10: Cedola semestrale | O10: 0.02
B11: Prezzo acquisto | C11: =99.854 -> 99.854 | H11: Prezzo acquisto | I11: =110.03+I12 -> 110.03 | N11: Prezzo acquisto | O11: =103.76 -> 103.76
B12: Rateo | C12: =1*5/6 -> 0.83333333 | H12: Rateo | I12: 0 | N12: Rateo | O12: =2*11/12 -> 1.8333333
B13: Prezzo acquisto + Rateo | C13: =C11+C12 -> 100.68733 | H13: Prezzo acquisto + Rateo | I13: =I11+I12 -> 110.03 | N13: Prezzo acquisto + Rateo | O13: =O11+O12 -> 105.59333
B16: Date | C16: t | D16: Flussi | E16: Flussi attualizzati | H16: Date | I16: t | J16: Flussi | K16: Flussi attualizzati | N16: Date | O16: t | P16: Flussi | Q16: Flussi attualizzati
B17: 45778 | C17: 0 | D17: =-C13 -> -100.68733 | E17: =D17/(1+$C$22)^C17 -> -100.68733 | H17: 45778 | I17: 0 | J17: =-I13 -> -110.03 | K17: =J17/(1+$I$25)^I17 -> -110.03 | N17: 45778 | O17: 0 | P17: =-O13 -> -105.59333 | Q17: =P17/(1+$O$32)^O17 -> -105.59333
B18: 45809 | C18: =1/12 -> 0.083333333 | D18: =1 -> 1 | E18: =D18/(1+$C$22)^C18 -> 0.99814504 | H18: 45962 | I18: 0.5 | J18: =100*0.0325 -> 3.25 | K18: =J18/(1+$I$25)^I18 -> 3.2123852 | N18: 45792 | O18: =1/24 -> 0.041666667 | P18: =2 -> 2 | Q18: =P18/(1+$O$32)^O18 -> 1.9973145
B19: 45992 | C19: =7/12 -> 0.58333333 | D19: =100+1 -> 101 | E19: =D19/(1+$C$22)^C19 -> 99.695816 | H19: 46143 | I19: 1 | J19: =100*0.0325 -> 3.25 | K19: =J19/(1+$I$25)^I19 -> 3.1752057 | N19: 45976 | O19: =13/24 -> 0.54166667 | P19: =2 -> 2 | Q19: =P19/(1+$O$32)^O19 -> 1.9653682
H20: 46327 | I20: 1.5 | J20: =100*0.0325 -> 3.25 | K20: =J20/(1+$I$25)^I20 -> 3.1384566 | N20: 46157 | O20: =25/24 -> 1.0416667 | P20: =2 -> 2 | Q20: =P20/(1+$O$32)^O20 -> 1.9339329
H21: 46508 | I21: 2 | J21: =100*0.0325 -> 3.25 | K21: =J21/(1+$I$25)^I21 -> 3.1021328 | N21: 46341 | O21: =37/24 -> 1.5416667 | P21: =2 -> 2 | Q21: =P21/(1+$O$32)^O21 -> 1.9030003
B22: Calcolo TIR -> | C22: =XIRR(D17:D19,B17:B19) -> 0.02253029 | D22: =C22 -> 0.02253029 | H22: 46692 | I22: 2.5 | J22: =100+100*0.0325 -> 103.25 | K22: =J22/(1+$I$25)^I22 -> 97.411747 | N22: 46522 | O22: =49/24 -> 2.0416667 | P22: =2 -> 2 | Q22: =P22/(1+$O$32)^O22 -> 1.8725626
N23: 46706 | O23: =61/24 -> 2.5416667 | P23: =2 -> 2 | Q23: =P23/(1+$O$32)^O23 -> 1.8426116
B24: Check TIR -> | C24: =SUM(E17:E19) -> 0.0066281413 | N24: 46888 | O24: =73/24 -> 3.0416667 | P24: =2 -> 2 | Q24: =P24/(1+$O$32)^O24 -> 1.8131398
H25: Calcolo TIR -> | I25: =XIRR(J17:J22,H17:H22) -> 0.023555723 | J25: =I25 -> 0.023555723 | N25: 47072 | O25: =85/24 -> 3.5416667 | P25: =2 -> 2 | Q25: =P25/(1+$O$32)^O25 -> 1.7841393
N26: 47253 | O26: =97/24 -> 4.0416667 | P26: =2 -> 2 | Q26: =P26/(1+$O$32)^O26 -> 1.7556026
H27: Check TIR -> | I27: =SUM(K17:K22) -> 0.0099275154 | N27: 47437 | O27: =109/24 -> 4.5416667 | P27: =2 -> 2 | Q27: =P27/(1+$O$32)^O27 -> 1.7275224
N28: 47618 | O28: =121/24 -> 5.0416667 | P28: =2 -> 2 | Q28: =P28/(1+$O$32)^O28 -> 1.6998914
N29: 47802 | O29: =133/24 -> 5.5416667 | P29: =100+2 -> 102 | Q29: =P29/(1+$O$32)^O29 -> 85.307814
N32: Calcolo TIR -> | O32: =XIRR(P17:P29,N17:N29) -> 0.032773432 | P32: =O32 -> 0.032773432
N34: Check TIR -> | O34: =SUM(Q17:Q29) -> 0.0095660433

Sheet TIR A tax, TIR B tax, TIR C tax
A1: CALCOLO TIR - Acquisto 1 Maggio 2025
A3: Flussi al netto di tassazione
B7: TITOLO A | H7: TITOLO B | N7: TITOLO C
B9: Unità | C9: 1 | H9: Unità | I9: 1 | N9: Unità | O9: 1
B10: Cedola semestrale | C10: 0.00875 | H10: Cedola semestrale | I10: =0.875*3.25% -> 0.0284375 | N10: Cedola semestrale | O10: =0.875*2% -> 0.0175
B11: Prezzo acquisto | C11: =99.854 -> 99.854 | H11: Prezzo acquisto | I11: =110.03 -> 110.03 | N11: Prezzo acquisto | O11: =103.76 -> 103.76
B12: Rateo | C12: =(1-0.125)*5/6 -> 0.72916667 | H12: Rateo | I12: 0 | N12: Rateo | O12: =(2*(1-0.125))*11/12 -> 1.6041667
B13: Prezzo acquisto + Rateo | C13: =C11+C12 -> 100.58317 | H13: Prezzo acquisto + Rateo | I13: =I11+I12 -> 110.03 | N13: Prezzo acquisto + Rateo | O13: =O11+O12 -> 105.36417
B14: Prezzo emissione | C14: 100.51 | H14: Prezzo emissione | I14: 100.15 | N14: Prezzo emissione | O14: 99
B15: Prezzo di rimborso | C15: 100 | H15: Prezzo di rimborso | I15: 100 | N15: Prezzo di rimborso | O15: 100
B16: Plusvalenza | C16: =MAX(0,(C15-C11)) -> 0.146 | H16: Plusvalenza | I16: =MAX(0,(I15-I11)) -> 0 | N16: Plusvalenza | O16: =MAX(0,(O15-O11)) -> 0
B17: Disaggio di emissione | C17: =MAX(0,(C15-C14)) -> 0 | H17: Disaggio di emissione | I17: =MAX(0,(I15-I14)) -> 0 | N17: Disaggio di emissione | O17: =MAX(0,(O15-O14)) -> 1
B20: Date | C20: t | D20: Flussi | E20: Flussi attualizzati | H20: Date | I20: t | J20: Flussi | K20: Flussi attualizzati | N20: Date | O20: t | P20: Flussi | Q20: Flussi attualizzati
B21: 45778 | C21: 0 | D21: =-C11 -> -99.854 | E21: =D21/(1+$C$26)^C21 -> -99.854 | H21: 45778 | I21: 0 | J21: =-I13 -> -110.03 | K21: =J21/(1+$I$29)^I21 -> -110.03 | N21: 45778 | O21: 0 | P21: =-O13 -> -105.36417 | Q21: =P21/(1+$O$36)^O21 -> -105.36417
B22: 45809 | C22: =1/12 -> 0.083333333 | D22: =1-(1*0.125) -> 0.875 | E22: =D22/(1+$C$26)^C22 -> 0.8726688 | H22: 45962 | I22: 0.5 | J22: =100*0.0325*(1-0.125) -> 2.84375 | K22: =J22/(1+$I$29)^I22 -> 2.821498 | N22: 45792 | O22: =1/24 -> 0.041666667 | P22: =2-2*0.125 -> 1.75 | Q22: =P22/(1+$O$36)^O22 -> 1.7480159
B23: 45992 | C23: =7/12 -> 0.58333333 | D23: =100+1-(1*0.125)-(0.125)*(C17+C16) -> 100.85675 | E23: =D23/(1+$C$26)^C23 -> 98.990781 | H23: 46143 | I23: 1 | J23: =100*0.0325*(1-0.125) -> 2.84375 | K23: =J23/(1+$I$29)^I23 -> 2.7994201 | N23: 45976 | O23: =13/24 -> 0.54166667 | P23: =2-2*0.125 -> 1.75 | Q23: =P23/(1+$O$36)^O23 -> 1.7243816
H24: 46327 | I24: 1.5 | J24: =100*0.0325*(1-0.125) -> 2.84375 | K24: =J24/(1+$I$29)^I24 -> 2.777515 | N24: 46157 | O24: =25/24 -> 1.0416667 | P24: =2-2*0.125 -> 1.75 | Q24: =P24/(1+$O$36)^O24 -> 1.7010669
H25: 46508 | I25: 2 | J25: =100*0.0325*(1-0.125) -> 2.84375 | K25: =J25/(1+$I$29)^I25 -> 2.7557813 | N25: 46341 | O25: =37/24 -> 1.5416667 | P25: =2-2*0.125 -> 1.75 | Q25: =P25/(1+$O$36)^O25 -> 1.6780673
B26: Calcolo TIR -> | C26: =XIRR(D21:D23,B21:B23) -> 0.032531312 | D26: =C26 -> 0.032531312 | H26: 46692 | I26: 2.5 | J26: =100+100*0.0325*(1-0.125)-(0.125)*(I17+I16) -> 102.84375 | K26: =J26/(1+$I$29)^I26 -> 98.882532 | N26: 46522 | O26: =49/24 -> 2.0416667 | P26: =2-2*0.125 -> 1.75 | Q26: =P26/(1+$O$36)^O26 -> 1.6553788
N27: 46706 | O27: =61/24 -> 2.5416667 | P27: =2-2*0.125 -> 1.75 | Q27: =P27/(1+$O$36)^O27 -> 1.632997
B28: Check TIR -> | C28: =SUM(E21:E23) -> 0.0094499732 | N28: 46888 | O28: =73/24 -> 3.0416667 | P28: =2-2*0.125 -> 1.75 | Q28: =P28/(1+$O$36)^O28 -> 1.6109178
H29: Calcolo TIR -> | I29: =XIRR(J21:J26,H21:H26) -> 0.015835372 | J29: =I29 -> 0.015835372 | N29: 47072 | O29: =85/24 -> 3.5416667 | P29: =2-2*0.125 -> 1.75 | Q29: =P29/(1+$O$36)^O29 -> 1.5891372
N30: 47253 | O30: =97/24 -> 4.0416667 | P30: =2-2*0.125 -> 1.75 | Q30: =P30/(1+$O$36)^O30 -> 1.567651
H31: Check TIR -> | I31: =SUM(K21:K26) -> 0.0067460506 | N31: 47437 | O31: =109/24 -> 4.5416667 | P31: =2-2*0.125 -> 1.75 | Q31: =P31/(1+$O$36)^O31 -> 1.5464553
N32: 47618 | O32: =121/24 -> 5.0416667 | P32: =2-2*0.125 -> 1.75 | Q32: =P32/(1+$O$36)^O32 -> 1.5255463
N33: 47802 | O33: =133/24 -> 5.5416667 | P33: =100+2-2*0.125-(0.125)*(O17+O16) -> 101.625 | Q33: =P33/(1+$O$36)^O33 -> 87.392848
N36: Calcolo TIR -> | O36: =XIRR(P21:P33,N21:N33) -> 0.027599773 | P36: =O36 -> 0.027599773
N38: Check TIR -> | O38: =SUM(Q21:Q33) -> 0.0082967329

Sheet TIR AC tax
A1: CALCOLO TIR - Acquisto 1 Maggio 2025
A3: Flussi al netto di tassazione
A4: Portafoglio AC
B6: PORTAFOGLIO AC | H6: TITOLO A | N6: TITOLO C
B8: Unità | C8: 1 A + 1 C | H8: Unità | I8: 1 | N8: Unità | O8: 1
H9: Cedola semestrale | I9: ='TIR A tax, TIR B tax, TIR C tax'!C10 -> 0.00875 | N9: Cedola semestrale | O9: ='TIR A tax, TIR B tax, TIR C tax'!O10 -> 0.0175
H10: Prezzo acquisto | I10: =99.854 -> 99.854 | N10: Prezzo acquisto | O10: =103.76 -> 103.76
H11: Rateo | I11: =(1-0.125)*5/6 -> 0.72916667 | N11: Rateo | O11: =(2*(1-0.125))*11/12 -> 1.6041667
H12: Prezzo acquisto + Rateo | I12: =I10+I11 -> 100.58317 | N12: Prezzo acquisto + Rateo | O12: =O10+O11 -> 105.36417
H13: Prezzo emissione | I13: 100.51 | N13: Prezzo emissione | O13: 99
H14: Prezzo di rimborso | I14: 100 | N14: Prezzo di rimborso | O14: 100
H15: Plusvalenza | I15: =MAX(0,(I14-I10)) -> 0.146 | N15: Plusvalenza | O15: =MAX(0,(O14-O10)) -> 0
H16: Disaggio di emissione | I16: =MAX(0,(I14-I13)) -> 0 | N16: Disaggio di emissione | O16: =MAX(0,(O14-O13)) -> 1
B19: Date | C19: t | D19: Flussi | E19: Flussi attualizzati | H19: Date | I19: t | J19: Flussi | K19: Flussi attualizzati | N19: Date | O19: t | P19: Flussi | Q19: Flussi attualizzati
B20: 45778 | C20: 0 | D20: =-(O10+I10) -> -203.614 | E20: =D20/(1+$C$37)^C20 -> -203.614 | H20: 45778 | I20: 0 | J20: =-I12 -> -100.58317 | K20: =J20/(1+$I$25)^I20 -> -100.58317 | N20: 45778 | O20: 0 | P20: =-O12 -> -105.36417 | Q20: =P20/(1+$O$35)^O20 -> -105.36417
B21: 45792 | C21: =1/24 -> 0.041666667 | D21: =2-2*0.125 -> 1.75 | E21: =D21/(1+$C$37)^C21 -> 1.7477806 | H21: 45809 | I21: =1/12 -> 0.083333333 | J21: =1-(1*0.125) -> 0.875 | K21: =J21/(1+$I$25)^I21 -> 0.87357851 | N21: 45792 | O21: =1/24 -> 0.041666667 | P21: =2-2*0.125 -> 1.75 | Q21: =P21/(1+$O$35)^O21 -> 1.7480159
B22: 45809 | C22: =1/12 -> 0.083333333 | D22: =1-(1*0.125) -> 0.875 | E22: =D22/(1+$C$37)^C22 -> 0.872782 | H22: 45992 | I22: =7/12 -> 0.58333333 | J22: =100+1-(1*0.125)-(0.125)*(I16+I15) -> 100.85675 | K22: =J22/(1+$I$25)^I22 -> 99.71539 | N22: 45976 | O22: =13/24 -> 0.54166667 | P22: =2-2*0.125 -> 1.75 | Q22: =P22/(1+$O$35)^O22 -> 1.7243816
B23: 45976 | C23: =13/24 -> 0.54166667 | D23: =D25 -> 1.75 | E23: =D23/(1+$C$37)^C23 -> 1.7213662 | N23: 46157 | O23: =25/24 -> 1.0416667 | P23: =2-2*0.125 -> 1.75 | Q23: =P23/(1+$O$35)^O23 -> 1.7010669
B24: 45992 | C24: =7/12 -> 0.58333333 | D24: =100+1-(1*0.125)-(0.125)*(I16+I15) -> 100.85675 | E24: =D24/(1+$C$37)^C24 -> 99.080698 | N24: 46341 | O24: =37/24 -> 1.5416667 | P24: =2-2*0.125 -> 1.75 | Q24: =P24/(1+$O$35)^O24 -> 1.6780673
B25: 46157 | C25: =25/24 -> 1.0416667 | D25: =2-2*0.125 -> 1.75 | E25: =D25/(1+$C$37)^C25 -> 1.695351 | H25: Calcolo TIR -> | I25: =XIRR(J20:J22,H20:H22) -> 0.019702151 | N25: 46522 | O25: =49/24 -> 2.0416667 | P25: =2-2*0.125 -> 1.75 | Q25: =P25/(1+$O$35)^O25 -> 1.6553788
B26: 46341 | C26: =37/24 -> 1.5416667 | D26: =2-2*0.125 -> 1.75 | E26: =D26/(1+$C$37)^C26 -> 1.669729 | N26: 46706 | O26: =61/24 -> 2.5416667 | P26: =2-2*0.125 -> 1.75 | Q26: =P26/(1+$O$35)^O26 -> 1.632997
B27: 46522 | C27: =49/24 -> 2.0416667 | D27: =2-2*0.125 -> 1.75 | E27: =D27/(1+$C$37)^C27 -> 1.6444943 | H27: Check TIR -> | I27: =SUM(K20:K22) -> 0.0058014072 | N27: 46888 | O27: =73/24 -> 3.0416667 | P27: =2-2*0.125 -> 1.75 | Q27: =P27/(1+$O$35)^O27 -> 1.6109178
B28: 46706 | C28: =61/24 -> 2.5416667 | D28: =2-2*0.125 -> 1.75 | E28: =D28/(1+$C$37)^C28 -> 1.6196409 | N28: 47072 | O28: =85/24 -> 3.5416667 | P28: =2-2*0.125 -> 1.75 | Q28: =P28/(1+$O$35)^O28 -> 1.5891372
B29: 46888 | C29: =73/24 -> 3.0416667 | D29: =2-2*0.125 -> 1.75 | E29: =D29/(1+$C$37)^C29 -> 1.5951631 | N29: 47253 | O29: =97/24 -> 4.0416667 | P29: =2-2*0.125 -> 1.75 | Q29: =P29/(1+$O$35)^O29 -> 1.567651
B30: 47072 | C30: =85/24 -> 3.5416667 | D30: =2-2*0.125 -> 1.75 | E30: =D30/(1+$C$37)^C30 -> 1.5710552 | N30: 47437 | O30: =109/24 -> 4.5416667 | P30: =2-2*0.125 -> 1.75 | Q30: =P30/(1+$O$35)^O30 -> 1.5464553
B31: 47253 | C31: =97/24 -> 4.0416667 | D31: =2-2*0.125 -> 1.75 | E31: =D31/(1+$C$37)^C31 -> 1.5473117 | N31: 47618 | O31: =121/24 -> 5.0416667 | P31: =2-2*0.125 -> 1.75 | Q31: =P31/(1+$O$35)^O31 -> 1.5255463
B32: 47437 | C32: =109/24 -> 4.5416667 | D32: =2-2*0.125 -> 1.75 | E32: =D32/(1+$C$37)^C32 -> 1.523927 | N32: 47802 | O32: =133/24 -> 5.5416667 | P32: =100+2-2*0.125-(0.125)*(O16+O15) -> 101.625 | Q32: =P32/(1+$O$35)^O32 -> 87.392848
B33: 47618 | C33: =121/24 -> 5.0416667 | D33: =2-2*0.125 -> 1.75 | E33: =D33/(1+$C$37)^C33 -> 1.5008958
B34: 47802 | C34: =133/24 -> 5.5416667 | D34: =100+2-2*0.125-(0.125)*(O16+O15) -> 101.625 | E34: =D34/(1+$C$37)^C34 -> 85.841916
N35: Calcolo TIR -> | O35: =XIRR(P20:P32,N20:N32) -> 0.027599773
B37: Calcolo TIR -> | C37: =XIRR(D20:D34,B20:B34) -> 0.030925485 | D37: =C37 -> 0.030925485 | N37: Check TIR -> | O37: =SUM(Q20:Q32) -> 0.0082967329
B39: Check TIR -> | C39: =SUM(E20:E34) -> 0.01811132

Sheet TIR BC tax
A1: CALCOLO TIR - Acquisto 1 Maggio 2025
A3: Flussi al netto di tassazione
A4: Portafoglio BC
B6: PORTAFOGLIO BC | H6: TITOLO B | N6: TITOLO C
B8: Unità | C8: 1 B + 1 C | H8: Unità | I8: 1 | N8: Unità | O8: 1
H9: Cedola semestrale | I9: ='TIR A tax, TIR B tax, TIR C tax'!I10 -> 0.0284375 | N9: Cedola semestrale | O9: ='TIR A tax, TIR B tax, TIR C tax'!O10 -> 0.0175
H10: Prezzo acquisto | I10: =110.03 -> 110.03 | N10: Prezzo acquisto | O10: =103.76 -> 103.76
H11: Rateo | I11: 0 | N11: Rateo | O11: =(2*(1-0.125))*11/12 -> 1.6041667
H12: Prezzo acquisto + Rateo | I12: =I10+I11 -> 110.03 | N12: Prezzo acquisto + Rateo | O12: =O10+O11 -> 105.36417
H13: Prezzo emissione | I13: 100.15 | N13: Prezzo emissione | O13: 99
H14: Prezzo di rimborso | I14: 100 | N14: Prezzo di rimborso | O14: 100
H15: Plusvalenza | I15: =MAX(0,(I14-I10)) -> 0 | N15: Plusvalenza | O15: =MAX(0,(O14-O10)) -> 0
H16: Disaggio di emissione | I16: =MAX(0,(I14-I13)) -> 0 | N16: Disaggio di emissione | O16: =MAX(0,(O14-O13)) -> 1
B19: Date | C19: t | D19: Flussi | E19: Flussi attualizzati | H19: Date | I19: t | J19: Flussi | K19: Flussi attualizzati | N19: Date | O19: t | P19: Flussi | Q19: Flussi attualizzati
B20: 45778 | C20: 0 | D20: =-(O10+I10) -> -213.79 | E20: =D20/(1+$C$40)^C20 -> -213.79 | H20: 45778 | I20: 0 | J20: =-I12 -> -110.03 | K20: =J20/(1+$I$28)^I20 -> -110.03 | N20: 45778 | O20: 0 | P20: =-O12 -> -105.36417 | Q20: =P20/(1+$O$35)^O20 -> -105.36417
B21: 45792 | C21: =1/24 -> 0.041666667 | D21: =2-2*0.125 -> 1.75 | E21: =D21/(1+$C$40)^C21 -> 1.7481423 | H21: 45962 | I21: 0.5 | J21: =100*0.0325*(1-0.125) -> 2.84375 | K21: =J21/(1+$I$28)^I21 -> 2.821498 | N21: 45792 | O21: =1/24 -> 0.041666667 | P21: =2-2*0.125 -> 1.75 | Q21: =P21/(1+$O$35)^O21 -> 1.7480159
B22: 45962 | C22: 0.5 | D22: =100*0.0325*(1-0.125) -> 2.84375 | E22: =D22/(1+$C$40)^C22 -> 2.8077365 | H22: 46143 | I22: 1 | J22: =100*0.0325*(1-0.125) -> 2.84375 | K22: =J22/(1+$I$28)^I22 -> 2.7994201 | N22: 45976 | O22: =13/24 -> 0.54166667 | P22: =2-2*0.125 -> 1.75 | Q22: =P22/(1+$O$35)^O22 -> 1.7243816
B23: 45976 | C23: =13/24 -> 0.54166667 | D23: =2-2*0.125 -> 1.75 | E23: =D23/(1+$C$40)^C23 -> 1.7260037 | H23: 46327 | I23: 1.5 | J23: =100*0.0325*(1-0.125) -> 2.84375 | K23: =J23/(1+$I$28)^I23 -> 2.777515 | N23: 46157 | O23: =25/24 -> 1.0416667 | P23: =2-2*0.125 -> 1.75 | Q23: =P23/(1+$O$35)^O23 -> 1.7010669
B24: 46143 | C24: 1 | D24: =100*0.0325*(1-0.125) -> 2.84375 | E24: =D24/(1+$C$40)^C24 -> 2.7721791 | H24: 46508 | I24: 2 | J24: =100*0.0325*(1-0.125) -> 2.84375 | K24: =J24/(1+$I$28)^I24 -> 2.7557813 | N24: 46341 | O24: =37/24 -> 1.5416667 | P24: =2-2*0.125 -> 1.75 | Q24: =P24/(1+$O$35)^O24 -> 1.6780673
B25: 46157 | C25: =25/24 -> 1.0416667 | D25: =2-2*0.125 -> 1.75 | E25: =D25/(1+$C$40)^C25 -> 1.7041455 | H25: 46692 | I25: 2.5 | J25: =100+100*0.0325*(1-0.125)-(0.125)*(I16+I15) -> 102.84375 | K25: =J25/(1+$I$28)^I25 -> 98.882532 | N25: 46522 | O25: =49/24 -> 2.0416667 | P25: =2-2*0.125 -> 1.75 | Q25: =P25/(1+$O$35)^O25 -> 1.6553788
B26: 46327 | C26: 1.5 | D26: =100*0.0325*(1-0.125) -> 2.84375 | E26: =D26/(1+$C$40)^C26 -> 2.737072 | N26: 46706 | O26: =61/24 -> 2.5416667 | P26: =2-2*0.125 -> 1.75 | Q26: =P26/(1+$O$35)^O26 -> 1.632997
B27: 46341 | C27: =37/24 -> 1.5416667 | D27: =2-2*0.125 -> 1.75 | E27: =D27/(1+$C$40)^C27 -> 1.682564 | N27: 46888 | O27: =73/24 -> 3.0416667 | P27: =2-2*0.125 -> 1.75 | Q27: =P27/(1+$O$35)^O27 -> 1.6109178
B28: 46508 | C28: 2 | D28: =100*0.0325*(1-0.125) -> 2.84375 | E28: =D28/(1+$C$40)^C28 -> 2.7024095 | H28: Calcolo TIR -> | I28: =XIRR(J20:J25,H20:H25) -> 0.015835372 | N28: 47072 | O28: =85/24 -> 3.5416667 | P28: =2-2*0.125 -> 1.75 | Q28: =P28/(1+$O$35)^O28 -> 1.5891372
B29: 46522 | C29: =49/24 -> 2.0416667 | D29: =2-2*0.125 -> 1.75 | E29: =D29/(1+$C$40)^C29 -> 1.6612559 | N29: 47253 | O29: =97/24 -> 4.0416667 | P29: =2-2*0.125 -> 1.75 | Q29: =P29/(1+$O$35)^O29 -> 1.567651
B30: 46692 | C30: 2.5 | D30: =100+100*0.0325*(1-0.125)-(0.125)*(I16+I15) -> 102.84375 | E30: =D30/(1+$C$40)^C30 -> 96.494505 | H30: Check TIR -> | I30: =SUM(K20:K25) -> 0.0067460506 | N30: 47437 | O30: =109/24 -> 4.5416667 | P30: =2-2*0.125 -> 1.75 | Q30: =P30/(1+$O$35)^O30 -> 1.5464553
B31: 46706 | C31: =61/24 -> 2.5416667 | D31: =2-2*0.125 -> 1.75 | E31: =D31/(1+$C$40)^C31 -> 1.6402176 | N31: 47618 | O31: =121/24 -> 5.0416667 | P31: =2-2*0.125 -> 1.75 | Q31: =P31/(1+$O$35)^O31 -> 1.5255463
B32: 46888 | C32: =73/24 -> 3.0416667 | D32: =2-2*0.125 -> 1.75 | E32: =D32/(1+$C$40)^C32 -> 1.6194458 | N32: 47802 | O32: =133/24 -> 5.5416667 | P32: =100+2-2*0.125-(0.125)*(O16+O15) -> 101.625 | Q32: =P32/(1+$O$35)^O32 -> 87.392848
B33: 47072 | C33: =85/24 -> 3.5416667 | D33: =2-2*0.125 -> 1.75 | E33: =D33/(1+$C$40)^C33 -> 1.598937
B34: 47253 | C34: =97/24 -> 4.0416667 | D34: =2-2*0.125 -> 1.75 | E34: =D34/(1+$C$40)^C34 -> 1.5786879
B35: 47437 | C35: =109/24 -> 4.5416667 | D35: =2-2*0.125 -> 1.75 | E35: =D35/(1+$C$40)^C35 -> 1.5586953 | N35: Calcolo TIR -> | O35: =XIRR(P20:P32,N20:N32) -> 0.027599773
B36: 47618 | C36: =121/24 -> 5.0416667 | D36: =2-2*0.125 -> 1.75 | E36: =D36/(1+$C$40)^C36 -> 1.5389558
B37: 47802 | C37: =133/24 -> 5.5416667 | D37: =100+2-2*0.125-(0.125)*(O16+O15) -> 101.625 | E37: =D37/(1+$C$40)^C37 -> 88.237582 | N37: Check TIR -> | O37: =SUM(Q20:Q32) -> 0.0082967329
B40: Calcolo TIR -> | C40: =XIRR(D20:D37,B20:B37) -> 0.025817558 | D40: =C40 -> 0.025817558
B42: Check TIR -> | C42: =SUM(E20:E37) -> 0.01853489

Sheet TIR ABC tax
A1: CALCOLO TIR - Acquisto 1 Maggio 2025
A3: Flussi al netto di tassazione
A4: Portafoglio ABC - 1 Mln
B7: PORTAFOGLIO ABC | H7: TITOLO A | N7: TITOLO B | T7: TITOLO C
B9: Unità A | C9: =TRUNC(1000000*0.15/I11) -> 1502 | D9: Approssimazione per difetto | H9: Unità | I9: 1 | N9: Unità | O9: 1 | T9: Unità | U9: 1
B10: Unità B | C10: =TRUNC(1000000*0.45/O11) -> 4089 | D10: Approssimazione per difetto | H10: Cedola semestrale | I10: ='TIR A tax, TIR B tax, TIR C tax'!C10 -> 0.00875 | N10: Cedola semestrale | O10: ='TIR A tax, TIR B tax, TIR C tax'!I10 -> 0.0284375 | T10: Cedola semestrale | U10: ='TIR A tax, TIR B tax, TIR C tax'!O10 -> 0.0175
B11: Unità C | C11: =TRUNC(1000000*0.4/U11) -> 3855 | D11: Approssimazione per difetto | H11: Prezzo acquisto | I11: =99.854 -> 99.854 | N11: Prezzo acquisto | O11: =110.03 -> 110.03 | T11: Prezzo acquisto | U11: =103.76 -> 103.76
B12: Capitale totale utilizzato | C12: =C9*I11+C10*O11+C11*U11 -> 999888.18 | H12: Rateo | I12: =(1-0.125)*5/6 -> 0.72916667 | N12: Rateo | O12: 0 | T12: Rateo | U12: =(2*(1-0.125))*11/12 -> 1.6041667
B13: Rateo totale | C13: =C9*I12+C10*O12+C11*U12 -> 7279.2708 | H13: Prezzo acquisto + Rateo | I13: =I11+I12 -> 100.58317 | N13: Prezzo acquisto + Rateo | O13: =O11+O12 -> 110.03 | T13: Prezzo acquisto + Rateo | U13: =U11+U12 -> 105.36417
H14: Prezzo emissione | I14: 100.51 | N14: Prezzo emissione | O14: 100.15 | T14: Prezzo emissione | U14: 99
H15: Prezzo di rimborso | I15: 100 | N15: Prezzo di rimborso | O15: 100 | T15: Prezzo di rimborso | U15: 100
H16: Plusvalenza | I16: =MAX(0,(I15-I11)) -> 0.146 | N16: Plusvalenza | O16: =MAX(0,(O15-O11)) -> 0 | T16: Plusvalenza | U16: =MAX(0,(U15-U11)) -> 0
H17: Disaggio di emissione | I17: =MAX(0,(I15-I14)) -> 0 | N17: Disaggio di emissione | O17: =MAX(0,(O15-O14)) -> 0 | T17: Disaggio di emissione | U17: =MAX(0,(U15-U14)) -> 1
B20: Date | C20: t | D20: Flussi | E20: Flussi attualizzati | H20: Date | I20: t | J20: Flussi | K20: Flussi attualizzati | N20: Date | O20: t | P20: Flussi | Q20: Flussi attualizzati | T20: Date | U20: t | V20: Flussi | W20: Flussi attualizzati
B21: 45778 | C21: 0 | D21: =-(C12+C13) -> -1007167.4 | E21: =D21/(1+$C$43)^C21 -> -1007167.4 | H21: 45778 | I21: 0 | J21: =-I13 -> -100.58317 | K21: =J21/(1+$I$26)^I21 -> -100.58317 | N21: 45778 | O21: 0 | P21: =-O13 -> -110.03 | Q21: =P21/(1+$O$29)^O21 -> -110.03 | T21: 45778 | U21: 0 | V21: =-U13 -> -105.36417 | W21: =V21/(1+$U$36)^U21 -> -105.36417
B22: 45792 | C22: =1/24 -> 0.041666667 | D22: =(2-2*0.125)*C11 -> 6746.25 | E22: =D22/(1+$C$43)^C22 -> 6739.7282 | H22: 45809 | I22: =1/12 -> 0.083333333 | J22: =1-(1*0.125) -> 0.875 | K22: =J22/(1+$I$26)^I22 -> 0.87357851 | N22: 45962 | O22: 0.5 | P22: =100*0.0325*(1-0.125) -> 2.84375 | Q22: =P22/(1+$O$29)^O22 -> 2.821498 | T22: 45792 | U22: =1/24 -> 0.041666667 | V22: =2-2*0.125 -> 1.75 | W22: =V22/(1+$U$36)^U22 -> 1.7480159
B23: 45809 | C23: =1/12 -> 0.083333333 | D23: =(1-(1*0.125))*C9 -> 1314.25 | E23: =D23/(1+$C$43)^C23 -> 1311.7102 | H23: 45992 | I23: =7/12 -> 0.58333333 | J23: =100+1-(1*0.125)-(0.125)*(I17+I16) -> 100.85675 | K23: =J23/(1+$I$26)^I23 -> 99.71539 | N23: 46143 | O23: 1 | P23: =100*0.0325*(1-0.125) -> 2.84375 | Q23: =P23/(1+$O$29)^O23 -> 2.7994201 | T23: 45976 | U23: =13/24 -> 0.54166667 | V23: =2-2*0.125 -> 1.75 | W23: =V23/(1+$U$36)^U23 -> 1.7243816
B24: 45962 | C24: 0.5 | D24: =(100*0.0325*(1-0.125))*C10 -> 11628.094 | E24: =D24/(1+$C$43)^C24 -> 11493.914 | N24: 46327 | O24: 1.5 | P24: =100*0.0325*(1-0.125) -> 2.84375 | Q24: =P24/(1+$O$29)^O24 -> 2.777515 | T24: 46157 | U24: =25/24 -> 1.0416667 | V24: =2-2*0.125 -> 1.75 | W24: =V24/(1+$U$36)^U24 -> 1.7010669
B25: 45976 | C25: =13/24 -> 0.54166667 | D25: =(2-2*0.125)*C11 -> 6746.25 | E25: =D25/(1+$C$43)^C25 -> 6661.9567 | N25: 46508 | O25: 2 | P25: =100*0.0325*(1-0.125) -> 2.84375 | Q25: =P25/(1+$O$29)^O25 -> 2.7557813 | T25: 46341 | U25: =37/24 -> 1.5416667 | V25: =2-2*0.125 -> 1.75 | W25: =V25/(1+$U$36)^U25 -> 1.6780673
B26: 45992 | C26: =7/12 -> 0.58333333 | D26: =(100+1-(1*0.125)-(0.125)*(I17+I16))*C9 -> 151486.84 | E26: =D26/(1+$C$43)^C26 -> 149449.42 | H26: Calcolo TIR -> | I26: =XIRR(J21:J23,H21:H23) -> 0.019702151 | N26: 46692 | O26: 2.5 | P26: =100+100*0.0325*(1-0.125)-(0.125)*(O17+O16) -> 102.84375 | Q26: =P26/(1+$O$29)^O26 -> 98.882532 | T26: 46522 | U26: =49/24 -> 2.0416667 | V26: =2-2*0.125 -> 1.75 | W26: =V26/(1+$U$36)^U26 -> 1.6553788
B27: 46143 | C27: 1 | D27: =(100*0.0325*(1-0.125))*C10 -> 11628.094 | E27: =D27/(1+$C$43)^C27 -> 11361.283 | T27: 46706 | U27: =61/24 -> 2.5416667 | V27: =2-2*0.125 -> 1.75 | W27: =V27/(1+$U$36)^U27 -> 1.632997
B28: 46157 | C28: =25/24 -> 1.0416667 | D28: =(2-2*0.125)*C11 -> 6746.25 | E28: =D28/(1+$C$43)^C28 -> 6585.0825 | H28: Check TIR -> | I28: =SUM(K21:K23) -> 0.0058014072 | T28: 46888 | U28: =73/24 -> 3.0416667 | V28: =2-2*0.125 -> 1.75 | W28: =V28/(1+$U$36)^U28 -> 1.6109178
B29: 46327 | C29: 1.5 | D29: =(100*0.0325*(1-0.125))*C10 -> 11628.094 | E29: =D29/(1+$C$43)^C29 -> 11230.182 | N29: Calcolo TIR -> | O29: =XIRR(P21:P26,N21:N26) -> 0.015835372 | T29: 47072 | U29: =85/24 -> 3.5416667 | V29: =2-2*0.125 -> 1.75 | W29: =V29/(1+$U$36)^U29 -> 1.5891372
B30: 46341 | C30: =37/24 -> 1.5416667 | D30: =(2-2*0.125)*C11 -> 6746.25 | E30: =D30/(1+$C$43)^C30 -> 6509.0955 | T30: 47253 | U30: =97/24 -> 4.0416667 | V30: =2-2*0.125 -> 1.75 | W30: =V30/(1+$U$36)^U30 -> 1.567651
B31: 46508 | C31: 2 | D31: =(100*0.0325*(1-0.125))*C10 -> 11628.094 | E31: =D31/(1+$C$43)^C31 -> 11100.594 | N31: Check TIR -> | O31: =SUM(Q21:Q26) -> 0.0067460506 | T31: 47437 | U31: =109/24 -> 4.5416667 | V31: =2-2*0.125 -> 1.75 | W31: =V31/(1+$U$36)^U31 -> 1.5464553
B32: 46522 | C32: =49/24 -> 2.0416667 | D32: =(2-2*0.125)*C11 -> 6746.25 | E32: =D32/(1+$C$43)^C32 -> 6433.9853 | T32: 47618 | U32: =121/24 -> 5.0416667 | V32: =2-2*0.125 -> 1.75 | W32: =V32/(1+$U$36)^U32 -> 1.5255463
B33: 46692 | C33: 2.5 | D33: =(100+100*0.0325*(1-0.125)-(0.125)*(O17+O16))*C10 -> 420528.09 | E33: =D33/(1+$C$43)^C33 -> 396818.69 | T33: 47802 | U33: =133/24 -> 5.5416667 | V33: =100+2-2*0.125-(0.125)*(U17+U16) -> 101.625 | W33: =V33/(1+$U$36)^U33 -> 87.392848
B34: 46706 | C34: =61/24 -> 2.5416667 | D34: =(2-2*0.125)*$C$11 -> 6746.25 | E34: =D34/(1+$C$43)^C34 -> 6359.7418
B35: 46888 | C35: =73/24 -> 3.0416667 | D35: =(2-2*0.125)*$C$11 -> 6746.25 | E35: =D35/(1+$C$43)^C35 -> 6286.355
B36: 47072 | C36: =85/24 -> 3.5416667 | D36: =(2-2*0.125)*$C$11 -> 6746.25 | E36: =D36/(1+$C$43)^C36 -> 6213.8151 | T36: Calcolo TIR -> | U36: =XIRR(V21:V33,T21:T33) -> 0.027599773
B37: 47253 | C37: =97/24 -> 4.0416667 | D37: =(2-2*0.125)*$C$11 -> 6746.25 | E37: =D37/(1+$C$43)^C37 -> 6142.1122
B38: 47437 | C38: =109/24 -> 4.5416667 | D38: =(2-2*0.125)*$C$11 -> 6746.25 | E38: =D38/(1+$C$43)^C38 -> 6071.2367 | T38: Check TIR -> | U38: =SUM(W21:W33) -> 0.0082967329
B39: 47618 | C39: =121/24 -> 5.0416667 | D39: =(2-2*0.125)*$C$11 -> 6746.25 | E39: =D39/(1+$C$43)^C39 -> 6001.1791
B40: 47802 | C40: =133/24 -> 5.5416667 | D40: =(100+2-2*0.125-(0.125)*(U17+U16))*C11 -> 391764.38 | E40: =D40/(1+$C$43)^C40 -> 344475.64
B43: Calcolo TIR -> | C43: =XIRR(D21:D40,B21:B40) -> 0.023484239 | D43: =C43 -> 0.023484239
B45: Check TIR -> | C45: =SUM(E21:E40) -> 78.267802

Sheet TIR ABC tax 2
A1: CALCOLO TIR - Acquisto 1 Maggio 2025
A3: Flussi al netto di tassazione
A4: Portafoglio ABC - 1 Mln
B7: PORTAFOGLIO ABC
I8: TITOLO A | J8: TITOLO B | K8: TITOLO C | L8: TOT
B9: Unità A | C9: =INT(I10/I11) -> 1502 | D9: Approssimazione per difetto | H9: Unità | I9: 0.15 | J9: 0.45 | K9: 0.4
B10: Unità B | C10: =INT(J10/J11) -> 4089 | D10: Approssimazione per difetto | H10: Capitale max | I10: =I9*$L10 -> 150000 | J10: =J9*$L10 -> 450000 | K10: =K9*$L10 -> 400000 | L10: 1000000
B11: Unità C | C11: =INT(K10/K11) -> 3855 | D11: Approssimazione per difetto | H11: Prezzo acquisto | I11: =99.854 -> 99.854 | J11: =110.03 -> 110.03 | K11: =103.76 -> 103.76
B12: Tot capitale utilizzato | C12: {=MMULT(I11:K11,C9:C11)} -> 999888.18 | H12: Rateo | I12: =(1-0.125)*5/6 -> 0.72916667 | J12: 0 | K12: =(2*(1-0.125))*11/12 -> 1.6041667 | L12: {=MMULT(I12:K12,C9:C11)} -> 7279.2708
H13: Cedola semestrale | I13: ='TIR A tax, TIR B tax, TIR C tax'!C10 -> 0.00875 | J13: ='TIR A tax, TIR B tax, TIR C tax'!I10 -> 0.0284375 | K13: ='TIR A tax, TIR B tax, TIR C tax'!O10 -> 0.0175
H14: Prezzo emissione | I14: 100.51 | J14: 100.15 | K14: 99
H15: Prezzo di rimborso | I15: 100 | J15: 100 | K15: 100
H16: Plusvalenza | I16: =MAX(0,(I15-I11)) -> 0.146 | J16: =MAX(0,(J15-J11)) -> 0 | K16: =MAX(0,(K15-K11)) -> 0
H17: Disaggio di emissione | I17: =MAX(0,(I15-I14)) -> 0 | J17: =MAX(0,(J15-J14)) -> 0 | K17: =MAX(0,(K15-K14)) -> 1
B21: Date | C21: t | D21: Flussi A | E21: Flussi B | F21: Flussi C | G21: Flussi tot | H21: Flussi attualizzati
B22: 45778 | C22: 0 | D22: =-I11*C9 -> -149980.71 | E22: =-J11*C10 -> -449912.67 | F22: =-K11*C11 -> -399994.8 | G22: =SUM(D22:F22)-L12 -> -1007167.4 | H22: =G22/(1+$C$44)^C22 -> -1007167.4
B23: 45792 | C23: =1/24 -> 0.041666667 | D23: 0 | E23: 0 | F23: ='TIR A tax, TIR B tax, TIR C tax'!P22*C$11 -> 6746.25 | G23: =SUM(D23:F23) -> 6746.25 | H23: =G23/(1+$C$44)^C23 -> 6739.7282
B24: 45809 | C24: =1/12 -> 0.083333333 | D24: ='TIR A tax, TIR B tax, TIR C tax'!D22*C9 -> 1314.25 | E24: 0 | F24: 0 | G24: =SUM(D24:F24) -> 1314.25 | H24: =G24/(1+$C$44)^C24 -> 1311.7102
B25: 45962 | C25: 0.5 | D25: 0 | E25: ='TIR A tax, TIR B tax, TIR C tax'!J22*C$10 -> 11628.094 | F25: 0 | G25: =SUM(D25:F25) -> 11628.094 | H25: =G25/(1+$C$44)^C25 -> 11493.914
B26: 45976 | C26: =13/24 -> 0.54166667 | D26: 0 | E26: 0 | F26: ='TIR A tax, TIR B tax, TIR C tax'!P23*C$11 -> 6746.25 | G26: =SUM(D26:F26) -> 6746.25 | H26: =G26/(1+$C$44)^C26 -> 6661.9567
B27: 45992 | C27: =7/12 -> 0.58333333 | D27: ='TIR A tax, TIR B tax, TIR C tax'!D23*'TIR ABC tax 2'!C9 -> 151486.84 | E27: 0 | F27: 0 | G27: =SUM(D27:F27) -> 151486.84 | H27: =G27/(1+$C$44)^C27 -> 149449.42
B28: 46143 | C28: 1 | D28: 0 | E28: ='TIR A tax, TIR B tax, TIR C tax'!J23*C$10 -> 11628.094 | F28: 0 | G28: =SUM(D28:F28) -> 11628.094 | H28: =G28/(1+$C$44)^C28 -> 11361.283
B29: 46157 | C29: =25/24 -> 1.0416667 | D29: 0 | E29: 0 | F29: ='TIR A tax, TIR B tax, TIR C tax'!P24*C$11 -> 6746.25 | G29: =SUM(D29:F29) -> 6746.25 | H29: =G29/(1+$C$44)^C29 -> 6585.0825
B30: 46327 | C30: 1.5 | D30: 0 | E30: ='TIR A tax, TIR B tax, TIR C tax'!J24*C$10 -> 11628.094 | F30: 0 | G30: =SUM(D30:F30) -> 11628.094 | H30: =G30/(1+$C$44)^C30 -> 11230.182
B31: 46341 | C31: =37/24 -> 1.5416667 | D31: 0 | E31: 0 | F31: ='TIR A tax, TIR B tax, TIR C tax'!P25*C$11 -> 6746.25 | G31: =SUM(D31:F31) -> 6746.25 | H31: =G31/(1+$C$44)^C31 -> 6509.0955
B32: 46508 | C32: 2 | D32: 0 | E32: ='TIR A tax, TIR B tax, TIR C tax'!J25*C$10 -> 11628.094 | F32: 0 | G32: =SUM(D32:F32) -> 11628.094 | H32: =G32/(1+$C$44)^C32 -> 11100.594
B33: 46522 | C33: =49/24 -> 2.0416667 | D33: 0 | E33: 0 | F33: ='TIR A tax, TIR B tax, TIR C tax'!P26*C$11 -> 6746.25 | G33: =SUM(D33:F33) -> 6746.25 | H33: =G33/(1+$C$44)^C33 -> 6433.9853
B34: 46692 | C34: 2.5 | D34: 0 | E34: ='TIR A tax, TIR B tax, TIR C tax'!J26*C$10 -> 420528.09 | F34: 0 | G34: =SUM(D34:F34) -> 420528.09 | H34: =G34/(1+$C$44)^C34 -> 396818.69
B35: 46706 | C35: =61/24 -> 2.5416667 | D35: 0 | E35: 0 | F35: ='TIR A tax, TIR B tax, TIR C tax'!P27*C$11 -> 6746.25 | G35: =SUM(D35:F35) -> 6746.25 | H35: =G35/(1+$C$44)^C35 -> 6359.7418
B36: 46888 | C36: =73/24 -> 3.0416667 | D36: 0 | E36: 0 | F36: ='TIR A tax, TIR B tax, TIR C tax'!P28*C$11 -> 6746.25 | G36: =SUM(D36:F36) -> 6746.25 | H36: =G36/(1+$C$44)^C36 -> 6286.355
B37: 47072 | C37: =85/24 -> 3.5416667 | D37: 0 | E37: 0 | F37: ='TIR A tax, TIR B tax, TIR C tax'!P29*C$11 -> 6746.25 | G37: =SUM(D37:F37) -> 6746.25 | H37: =G37/(1+$C$44)^C37 -> 6213.8151
B38: 47253 | C38: =97/24 -> 4.0416667 | D38: 0 | E38: 0 | F38: ='TIR A tax, TIR B tax, TIR C tax'!P30*C$11 -> 6746.25 | G38: =SUM(D38:F38) -> 6746.25 | H38: =G38/(1+$C$44)^C38 -> 6142.1122
B39: 47437 | C39: =109/24 -> 4.5416667 | D39: 0 | E39: 0 | F39: ='TIR A tax, TIR B tax, TIR C tax'!P31*C$11 -> 6746.25 | G39: =SUM(D39:F39) -> 6746.25 | H39: =G39/(1+$C$44)^C39 -> 6071.2367
B40: 47618 | C40: =121/24 -> 5.0416667 | D40: 0 | E40: 0 | F40: ='TIR A tax, TIR B tax, TIR C tax'!P32*C$11 -> 6746.25 | G40: =SUM(D40:F40) -> 6746.25 | H40: =G40/(1+$C$44)^C40 -> 6001.1791
B41: 47802 | C41: =133/24 -> 5.5416667 | D41: 0 | E41: 0 | F41: ='TIR A tax, TIR B tax, TIR C tax'!P33*C$11 -> 391764.38 | G41: =SUM(D41:F41) -> 391764.38 | H41: =G41/(1+$C$44)^C41 -> 344475.64
B44: Calcolo TIR -> | C44: =XIRR(G22:G41,B22:B41) -> 0.023484239 | D44: =C44 -> 0.023484239
B46: Check TIR -> | C46: =SUM(H22:H41) -> 78.267802
